filename,source_image_id,novelty,flagged,latitude,longitude,sun_angle,season,resolution
sample_10243.jpg,SRC_066,0.8277922096032096,True,-10.0,180.0,61.81065,N-summer,0.5
sample_09010.jpg,SRC_164,0.7998960606250983,True,20.0,180.0,59.226879,N-autumn,0.25
sample_06244.jpg,SRC_104,0.7483748841294834,True,25.0,180.0,45.102036,N-summer,0.5
sample_06462.jpg,SRC_104,0.7186605155931125,True,25.0,180.0,45.102036,N-summer,0.5
sample_08738.jpg,SRC_146,0.7066340084246838,True,10.0,180.0,58.0428,N-summer,0.5
sample_05647.jpg,SRC_051,0.6907788073852251,True,20.0,180.0,63.609319,N-autumn,0.5
sample_04650.jpg,SRC_069,0.6837134450287091,True,25.0,180.0,48.120522,N-summer,0.5
sample_05427.jpg,SRC_104,0.6801913431191838,True,25.0,180.0,45.102036,N-summer,0.5
sample_07428.jpg,SRC_166,0.6782787324754651,True,90.0,0.0,60.094207,N-spring,0.5
sample_07361.jpg,SRC_064,0.6682970659322507,True,90.0,0.0,60.573524,N-spring,0.25
sample_06928.jpg,SRC_143,0.6607427891197768,True,90.0,0.0,68.916652,N-spring,0.5
sample_05016.jpg,SRC_135,0.6574103440056964,True,5.0,180.0,41.328761,N-winter,0.5
sample_10026.jpg,SRC_129,0.6531931747291352,True,20.0,180.0,41.057252,N-spring,0.25
sample_01663.jpg,SRC_069,0.6489587970921304,True,25.0,180.0,48.120522,N-summer,0.5
sample_06839.jpg,SRC_049,0.6451591010235348,True,5.0,180.0,42.94902,N-spring,0.25
sample_02772.jpg,SRC_069,0.6427779258748866,True,25.0,180.0,48.120522,N-summer,0.5
sample_08449.jpg,SRC_131,0.642614962655247,True,10.0,180.0,60.540464,N-autumn,0.5
sample_04380.jpg,SRC_022,0.642490500692696,True,20.0,180.0,41.513642,N-spring,0.25
sample_08109.jpg,SRC_106,0.6396850309229831,True,25.0,180.0,40.638999,N-spring,0.5
sample_03488.jpg,SRC_172,0.6370179950355926,True,55.0,180.0,47.744159,N-summer,0.25
sample_03434.jpg,SRC_047,0.6316620192062207,True,0.0,180.0,48.028677,N-spring,0.5
sample_09439.jpg,SRC_049,0.6308319953749916,True,5.0,180.0,42.94902,N-spring,0.25
sample_10017.jpg,SRC_106,0.6288103317531653,True,25.0,180.0,40.638999,N-spring,0.5
sample_06351.jpg,SRC_106,0.62706550677037,True,25.0,180.0,40.638999,N-spring,0.5
sample_07140.jpg,SRC_013,0.6261125719834896,True,50.0,180.0,54.051464,N-spring,0.5
sample_06715.jpg,SRC_108,0.6229435307729625,True,-40.0,180.0,68.856247,N-summer,0.5
sample_02956.jpg,SRC_106,0.6226646853424117,True,25.0,180.0,40.638999,N-spring,0.5
sample_00040.jpg,SRC_052,0.6216035787886413,True,5.0,180.0,51.705435,N-summer,0.25
sample_00132.jpg,SRC_047,0.6209615373201277,True,0.0,180.0,48.028677,N-spring,0.5
sample_00533.jpg,SRC_129,0.6201591755559709,True,20.0,180.0,41.057252,N-spring,0.25
sample_01077.jpg,SRC_054,0.6197918753336548,True,5.0,180.0,37.41608,N-winter,0.25
sample_03950.jpg,SRC_047,0.6189211661647582,True,0.0,180.0,48.028677,N-spring,0.5
sample_07931.jpg,SRC_097,0.6167984654846217,True,0.0,180.0,35.318175,N-winter,0.25
sample_05404.jpg,SRC_058,0.6161940150518195,True,30.0,180.0,69.060883,N-autumn,0.5
sample_01656.jpg,SRC_131,0.6155304802935375,True,10.0,180.0,60.540464,N-autumn,0.5
sample_09601.jpg,SRC_049,0.6154300293524088,True,5.0,180.0,42.94902,N-spring,0.25
sample_07338.jpg,SRC_049,0.6138939860906542,True,5.0,180.0,42.94902,N-spring,0.25
sample_06500.jpg,SRC_064,0.6127798256743411,True,90.0,0.0,60.573524,N-spring,0.25
sample_02361.jpg,SRC_071,0.6074677000632361,True,20.0,180.0,40.070501,N-spring,0.25
sample_08306.jpg,SRC_050,0.6073535165515253,True,0.0,180.0,53.680047,N-summer,0.25
sample_02192.jpg,SRC_104,0.6067932378987244,True,25.0,180.0,45.102036,N-summer,0.5
sample_03743.jpg,SRC_091,0.6060605970933243,True,-40.0,180.0,72.511342,N-summer,0.5
sample_04824.jpg,SRC_047,0.6051627594968241,True,0.0,180.0,48.028677,N-spring,0.5
sample_08582.jpg,SRC_149,0.6050491861511239,True,90.0,0.0,55.701783,N-summer,0.25
sample_07092.jpg,SRC_047,0.5959298888947573,True,0.0,180.0,48.028677,N-spring,0.5
sample_08204.jpg,SRC_047,0.5933294569258565,True,0.0,180.0,48.028677,N-spring,0.5
sample_06349.jpg,SRC_153,0.5923145577584721,True,-40.0,180.0,43.960452,N-autumn,0.25
sample_00036.jpg,SRC_069,0.5921312823965709,True,25.0,180.0,48.120522,N-summer,0.5
sample_08377.jpg,SRC_074,0.5906364948405645,True,0.0,180.0,50.25459,N-spring,0.5
sample_06122.jpg,SRC_026,0.5854611687360126,True,90.0,0.0,57.238404,N-spring,0.25
sample_04503.jpg,SRC_051,0.5775046131517061,True,20.0,180.0,63.609319,N-autumn,0.5
sample_04852.jpg,SRC_097,0.5700569288524768,True,0.0,180.0,35.318175,N-winter,0.25
sample_06754.jpg,SRC_143,0.5680967773042556,True,90.0,0.0,68.916652,N-spring,0.5
sample_02311.jpg,SRC_126,0.5667007509591825,True,-20.0,180.0,68.779144,N-summer,0.5
sample_01298.jpg,SRC_052,0.5615351241084204,True,5.0,180.0,51.705435,N-summer,0.25
sample_01157.jpg,SRC_070,0.5588452195097431,True,60.0,180.0,58.788969,N-summer,0.5
sample_02255.jpg,SRC_047,0.5573210906447693,True,0.0,180.0,48.028677,N-spring,0.5
sample_10278.jpg,SRC_115,0.5542414550461718,True,25.0,180.0,41.8845,N-spring,0.25
sample_06488.jpg,SRC_050,0.5522305612892968,True,0.0,180.0,53.680047,N-summer,0.25
sample_04975.jpg,SRC_052,0.5395208500165447,True,5.0,180.0,51.705435,N-summer,0.25
sample_06992.jpg,SRC_115,0.5387761994683078,True,25.0,180.0,41.8845,N-spring,0.25
sample_01124.jpg,SRC_131,0.534376977134842,True,10.0,180.0,60.540464,N-autumn,0.5
sample_02031.jpg,SRC_078,0.5338912845649676,True,15.0,180.0,40.437008,N-spring,0.25
sample_07414.jpg,SRC_112,0.5310708363891137,True,-30.0,180.0,67.516648,N-spring,0.5
sample_04642.jpg,SRC_108,0.5308394381799654,True,-40.0,180.0,68.856247,N-summer,0.5
sample_05573.jpg,SRC_153,0.5308332011267434,True,-40.0,180.0,43.960452,N-autumn,0.25
sample_04646.jpg,SRC_123,0.5300874596639504,True,0.0,180.0,54.598149,N-autumn,0.5
sample_09313.jpg,SRC_069,0.5296179052313081,True,25.0,180.0,48.120522,N-summer,0.5
sample_02770.jpg,SRC_078,0.5267436212645462,True,15.0,180.0,40.437008,N-spring,0.25
sample_02944.jpg,SRC_124,0.5266865406318869,True,0.0,180.0,51.928413,N-summer,0.25
sample_08451.jpg,SRC_078,0.5196090452168391,True,15.0,180.0,40.437008,N-spring,0.25
sample_02070.jpg,SRC_078,0.5187843587064805,True,15.0,180.0,40.437008,N-spring,0.25
sample_00034.jpg,SRC_078,0.5144986518153799,True,15.0,180.0,40.437008,N-spring,0.25
sample_01023.jpg,SRC_138,0.5023439555110952,True,25.0,180.0,44.714676,N-summer,0.25
sample_10088.jpg,SRC_124,0.5001523225871615,True,0.0,180.0,51.928413,N-summer,0.25
sample_10321.jpg,SRC_024,0.4991815960425035,True,10.0,180.0,53.725813,N-summer,0.25
sample_05015.jpg,SRC_097,0.49658490790237203,True,0.0,180.0,35.318175,N-winter,0.25
sample_08709.jpg,SRC_050,0.49397416527290283,True,0.0,180.0,53.680047,N-summer,0.25
sample_09947.jpg,SRC_054,0.4917737365696374,True,5.0,180.0,37.41608,N-winter,0.25
sample_00534.jpg,SRC_097,0.490590825069954,True,0.0,180.0,35.318175,N-winter,0.25
sample_03707.jpg,SRC_108,0.4893946012881318,True,-40.0,180.0,68.856247,N-summer,0.5
sample_07772.jpg,SRC_040,0.4867871167192378,True,90.0,0.0,57.651744,N-spring,0.5
sample_04756.jpg,SRC_112,0.48325596129563697,True,-30.0,180.0,67.516648,N-spring,0.5
sample_06647.jpg,SRC_153,0.47693662204892223,True,-40.0,180.0,43.960452,N-autumn,0.25
sample_09386.jpg,SRC_100,0.47649810628017697,True,20.0,180.0,41.506528,N-spring,0.25
sample_04148.jpg,SRC_124,0.4748300744229794,True,0.0,180.0,51.928413,N-summer,0.25
sample_03956.jpg,SRC_029,0.4746639531597169,True,-5.0,180.0,45.485648,N-autumn,0.25
sample_00867.jpg,SRC_170,0.4708669101139871,True,-20.0,180.0,56.332579,N-autumn,0.25
sample_01714.jpg,SRC_091,0.46916009616564164,True,-40.0,180.0,72.511342,N-summer,0.5
sample_00593.jpg,SRC_050,0.46911732324582794,True,0.0,180.0,53.680047,N-summer,0.25
sample_05769.jpg,SRC_009,0.46863855958511497,True,-25.0,180.0,73.827745,N-spring,0.5
sample_00470.jpg,SRC_131,0.4656068181637237,True,10.0,180.0,60.540464,N-autumn,0.5
sample_04029.jpg,SRC_082,0.4645928430767837,True,-10.0,180.0,60.444036,N-spring,0.25
sample_02515.jpg,SRC_133,0.45993630804991603,True,-10.0,180.0,48.887369,N-spring,0.5
sample_01651.jpg,SRC_052,0.4535807698862198,True,5.0,180.0,51.705435,N-summer,0.25
sample_01091.jpg,SRC_138,0.45198537531375693,True,25.0,180.0,44.714676,N-summer,0.25
sample_06023.jpg,SRC_089,0.45181610206053713,True,10.0,180.0,48.442522,N-winter,0.25
sample_00304.jpg,SRC_006,0.45174642234051704,True,-15.0,180.0,65.638079,N-spring,0.5
sample_08539.jpg,SRC_115,0.4491774370028848,False,25.0,180.0,41.8845,N-spring,0.25
sample_06795.jpg,SRC_096,0.4478308002824611,False,25.0,180.0,40.422288,N-spring,0.25
sample_06793.jpg,SRC_163,0.4472394309622572,False,0.0,180.0,39.987447,N-winter,0.25
sample_01796.jpg,SRC_096,0.4463363474812214,False,25.0,180.0,40.422288,N-spring,0.25
sample_09619.jpg,SRC_015,0.4460766301955691,False,20.0,180.0,46.484204,N-summer,0.25
sample_02615.jpg,SRC_124,0.44535193394221867,False,0.0,180.0,51.928413,N-summer,0.25
sample_00108.jpg,SRC_121,0.4447646050434296,False,25.0,180.0,67.446292,N-autumn,0.5
sample_02326.jpg,SRC_124,0.44357523404087945,False,0.0,180.0,51.928413,N-summer,0.25
sample_05466.jpg,SRC_067,0.44331602218679356,False,-15.0,180.0,64.724247,N-spring,0.5
sample_03316.jpg,SRC_170,0.4414230088820391,False,-20.0,180.0,56.332579,N-autumn,0.25
sample_09708.jpg,SRC_145,0.44090493722224694,False,-5.0,180.0,52.15166,N-spring,0.25
sample_04973.jpg,SRC_151,0.43922336378577015,False,-15.0,180.0,63.408071,N-summer,0.5
sample_06716.jpg,SRC_040,0.4387525613290767,False,90.0,0.0,57.651744,N-spring,0.5
sample_04296.jpg,SRC_009,0.4382631334227585,False,-25.0,180.0,73.827745,N-spring,0.5
sample_00714.jpg,SRC_091,0.437334978166013,False,-40.0,180.0,72.511342,N-summer,0.5
sample_08432.jpg,SRC_063,0.4364564723812159,False,25.0,180.0,41.329237,N-spring,0.25
sample_10131.jpg,SRC_081,0.4338161103237836,False,-90.0,0.0,74.772433,N-autumn,0.25
sample_08099.jpg,SRC_111,0.43381510390267813,False,-35.0,180.0,79.069883,N-spring,1.0
sample_06346.jpg,SRC_074,0.4329597496603608,False,0.0,180.0,50.25459,N-spring,0.5
sample_04950.jpg,SRC_081,0.4306235376747959,False,-90.0,0.0,74.772433,N-autumn,0.25
sample_07919.jpg,SRC_168,0.430538998083868,False,90.0,0.0,64.709631,N-summer,0.25
sample_00170.jpg,SRC_011,0.4286673958245094,False,-20.0,180.0,70.371153,N-summer,0.25
sample_06348.jpg,SRC_081,0.42803523946494637,False,-90.0,0.0,74.772433,N-autumn,0.25
sample_01278.jpg,SRC_124,0.4267192927722335,False,0.0,180.0,51.928413,N-summer,0.25
sample_00674.jpg,SRC_011,0.42548659653964177,False,-20.0,180.0,70.371153,N-summer,0.25
sample_02474.jpg,SRC_111,0.42523990983774046,False,-35.0,180.0,79.069883,N-spring,1.0
sample_03285.jpg,SRC_038,0.4232417180836935,False,-15.0,180.0,32.097448,N-winter,0.25
sample_09383.jpg,SRC_111,0.422928910117996,False,-35.0,180.0,79.069883,N-spring,1.0
sample_06598.jpg,SRC_040,0.4220942002966236,False,90.0,0.0,57.651744,N-spring,0.5
sample_09845.jpg,SRC_051,0.42164888457043564,False,20.0,180.0,63.609319,N-autumn,0.5
sample_08263.jpg,SRC_068,0.42054337237632383,False,0.0,180.0,56.216196,N-summer,0.25
sample_04008.jpg,SRC_092,0.42034413516799274,False,5.0,180.0,57.429528,N-autumn,0.25
sample_00566.jpg,SRC_091,0.42026120512323406,False,-40.0,180.0,72.511342,N-summer,0.5
sample_07443.jpg,SRC_157,0.4171201202414523,False,40.0,180.0,44.22455,N-summer,0.25
sample_01607.jpg,SRC_091,0.41709604745979256,False,-40.0,180.0,72.511342,N-summer,0.5
sample_02908.jpg,SRC_121,0.4159046575279027,False,25.0,180.0,67.446292,N-autumn,0.5
sample_10342.jpg,SRC_091,0.4158000905849093,False,-40.0,180.0,72.511342,N-summer,0.5
sample_02459.jpg,SRC_067,0.41541963354266565,False,-15.0,180.0,64.724247,N-spring,0.5
sample_06665.jpg,SRC_115,0.41529508496522727,False,25.0,180.0,41.8845,N-spring,0.25
sample_08612.jpg,SRC_029,0.4151861335346557,False,-5.0,180.0,45.485648,N-autumn,0.25
sample_09424.jpg,SRC_006,0.41516366595959386,False,-15.0,180.0,65.638079,N-spring,0.5
sample_02901.jpg,SRC_146,0.41448166296568517,False,10.0,180.0,58.0428,N-summer,0.5
sample_01769.jpg,SRC_153,0.41281155097956296,False,-40.0,180.0,43.960452,N-autumn,0.25
sample_08080.jpg,SRC_072,0.41241709462789256,False,15.0,180.0,46.966801,N-winter,0.25
sample_07199.jpg,SRC_109,0.4122719674879361,False,50.0,180.0,54.137665,N-summer,0.25
sample_05122.jpg,SRC_084,0.4109065086243287,False,-10.0,180.0,58.957849,N-summer,0.25
sample_04163.jpg,SRC_069,0.40775467373616575,False,25.0,180.0,48.120522,N-summer,0.5
sample_03282.jpg,SRC_037,0.40731545677866965,False,15.0,180.0,44.468297,N-spring,0.25
sample_04095.jpg,SRC_168,0.4069492490425009,False,90.0,0.0,64.709631,N-summer,0.25
sample_01741.jpg,SRC_121,0.4069276924057708,False,25.0,180.0,67.446292,N-autumn,0.5
sample_04274.jpg,SRC_096,0.4041265284496237,False,25.0,180.0,40.422288,N-spring,0.25
sample_00319.jpg,SRC_115,0.4037023787910894,False,25.0,180.0,41.8845,N-spring,0.25
sample_07866.jpg,SRC_112,0.4029989733460116,False,-30.0,180.0,67.516648,N-spring,0.5
sample_09530.jpg,SRC_050,0.40251758132131005,False,0.0,180.0,53.680047,N-summer,0.25
sample_07257.jpg,SRC_075,0.4024462377867958,False,-90.0,0.0,65.329336,N-winter,0.25
sample_01161.jpg,SRC_056,0.40166201990080075,False,-40.0,180.0,74.660587,N-summer,0.5
sample_00120.jpg,SRC_135,0.4015435931787879,False,5.0,180.0,41.328761,N-winter,0.5
sample_03039.jpg,SRC_126,0.40105111448074254,False,-20.0,180.0,68.779144,N-summer,0.5
sample_01108.jpg,SRC_037,0.4005259313859737,False,15.0,180.0,44.468297,N-spring,0.25
sample_05910.jpg,SRC_043,0.40006021096037836,False,10.0,180.0,50.433279,N-summer,0.5
sample_07388.jpg,SRC_040,0.3994936870576192,False,90.0,0.0,57.651744,N-spring,0.5
sample_02969.jpg,SRC_027,0.3994880728208825,False,35.0,180.0,41.369436,N-spring,0.5
sample_10111.jpg,SRC_126,0.3992965954410543,False,-20.0,180.0,68.779144,N-summer,0.5
sample_03446.jpg,SRC_009,0.399027307255689,False,-25.0,180.0,73.827745,N-spring,0.5
sample_06578.jpg,SRC_085,0.3979269115288669,False,0.0,180.0,39.187341,N-spring,0.25
sample_07766.jpg,SRC_042,0.3965370199472586,False,10.0,180.0,36.92431,N-spring,0.5
sample_09025.jpg,SRC_096,0.3958441706555574,False,25.0,180.0,40.422288,N-spring,0.25
sample_01598.jpg,SRC_042,0.394833593195142,False,10.0,180.0,36.92431,N-spring,0.5
sample_00252.jpg,SRC_040,0.3940304393378434,False,90.0,0.0,57.651744,N-spring,0.5
sample_03025.jpg,SRC_030,0.39383768862488333,False,-25.0,180.0,67.936804,N-spring,0.5
sample_04065.jpg,SRC_092,0.39330243788852903,False,5.0,180.0,57.429528,N-autumn,0.25
sample_01150.jpg,SRC_131,0.3923451251429232,False,10.0,180.0,60.540464,N-autumn,0.5
sample_01419.jpg,SRC_114,0.3922375137528929,False,-10.0,180.0,58.176498,N-autumn,0.5
sample_02056.jpg,SRC_100,0.3921443531512143,False,20.0,180.0,41.506528,N-spring,0.25
sample_09352.jpg,SRC_065,0.39188137480601215,False,30.0,180.0,68.700871,N-winter,0.5
sample_03937.jpg,SRC_100,0.3912560825646988,False,20.0,180.0,41.506528,N-spring,0.25
sample_08938.jpg,SRC_114,0.39049739118970417,False,-10.0,180.0,58.176498,N-autumn,0.5
sample_08935.jpg,SRC_008,0.39031326452898185,False,25.0,180.0,61.005891,N-autumn,0.25
sample_03012.jpg,SRC_148,0.3882562990056882,False,-15.0,180.0,49.227137,N-autumn,0.25
sample_03044.jpg,SRC_130,0.38755520919117115,False,25.0,180.0,37.507656,N-spring,0.25
sample_08876.jpg,SRC_114,0.3873635449979256,False,-10.0,180.0,58.176498,N-autumn,0.5
sample_02928.jpg,SRC_102,0.38709166068633144,False,-10.0,180.0,52.255853,N-spring,0.25
sample_04467.jpg,SRC_074,0.3862657961793128,False,0.0,180.0,50.25459,N-spring,0.5
sample_00837.jpg,SRC_098,0.38532543918816675,False,-45.0,180.0,70.730178,N-summer,0.25
sample_00451.jpg,SRC_091,0.3851478869192076,False,-40.0,180.0,72.511342,N-summer,0.5
sample_07476.jpg,SRC_040,0.38473456358904484,False,90.0,0.0,57.651744,N-spring,0.5
sample_08594.jpg,SRC_074,0.38427025523302116,False,0.0,180.0,50.25459,N-spring,0.5
sample_08519.jpg,SRC_065,0.38399652850477944,False,30.0,180.0,68.700871,N-winter,0.5
sample_01286.jpg,SRC_168,0.38383200646532367,False,90.0,0.0,64.709631,N-summer,0.25
sample_01088.jpg,SRC_038,0.38382294894938684,False,-15.0,180.0,32.097448,N-winter,0.25
sample_04036.jpg,SRC_004,0.38374191214781633,False,30.0,180.0,61.107468,N-autumn,0.5
sample_06216.jpg,SRC_043,0.38355770823114427,False,10.0,180.0,50.433279,N-summer,0.5
sample_05134.jpg,SRC_084,0.38353155005628464,False,-10.0,180.0,58.957849,N-summer,0.25
sample_09684.jpg,SRC_095,0.38245533782350666,False,-20.0,180.0,56.495654,N-spring,0.5
sample_00563.jpg,SRC_153,0.382423307566068,False,-40.0,180.0,43.960452,N-autumn,0.25
sample_07874.jpg,SRC_148,0.3823124346065153,False,-15.0,180.0,49.227137,N-autumn,0.25
sample_01670.jpg,SRC_126,0.3815583162875671,False,-20.0,180.0,68.779144,N-summer,0.5
sample_09579.jpg,SRC_121,0.3814965716607005,False,25.0,180.0,67.446292,N-autumn,0.5
sample_04053.jpg,SRC_067,0.3810844932970605,False,-15.0,180.0,64.724247,N-spring,0.5
sample_08798.jpg,SRC_001,0.38091694500197415,False,-5.0,180.0,51.987197,N-spring,0.5
sample_09442.jpg,SRC_092,0.3807928543168852,False,5.0,180.0,57.429528,N-autumn,0.25
sample_06570.jpg,SRC_075,0.38061543992201813,False,-90.0,0.0,65.329336,N-winter,0.25
sample_06812.jpg,SRC_036,0.38056595322157605,False,5.0,180.0,52.749586,N-summer,0.25
sample_01826.jpg,SRC_100,0.380165196907072,False,20.0,180.0,41.506528,N-spring,0.25
sample_00374.jpg,SRC_031,0.3794466127410705,False,-90.0,0.0,62.684336,N-winter,0.5
sample_00312.jpg,SRC_099,0.37929970968257404,False,15.0,180.0,42.024472,N-spring,0.5
sample_01340.jpg,SRC_037,0.3792889159439008,False,15.0,180.0,44.468297,N-spring,0.25
sample_01374.jpg,SRC_171,0.3787944236216616,False,-35.0,180.0,63.65778,N-spring,0.25
sample_08184.jpg,SRC_126,0.37827840895047565,False,-20.0,180.0,68.779144,N-summer,0.5
sample_01502.jpg,SRC_124,0.37823655443702536,False,0.0,180.0,51.928413,N-summer,0.25
sample_10178.jpg,SRC_061,0.3781717203721843,False,50.0,180.0,43.110277,N-spring,0.5
sample_06324.jpg,SRC_082,0.3778642421914798,False,-10.0,180.0,60.444036,N-spring,0.25
sample_04333.jpg,SRC_142,0.3776868078881475,False,-30.0,180.0,34.276784,N-winter,0.25
sample_09356.jpg,SRC_065,0.3776782519712597,False,30.0,180.0,68.700871,N-winter,0.5
sample_02923.jpg,SRC_145,0.377600348167727,False,-5.0,180.0,52.15166,N-spring,0.25
sample_07781.jpg,SRC_016,0.37757561619845414,False,10.0,180.0,55.552023,N-winter,0.5
sample_05303.jpg,SRC_171,0.3775300329334146,False,-35.0,180.0,63.65778,N-spring,0.25
sample_09978.jpg,SRC_096,0.377500160028727,False,25.0,180.0,40.422288,N-spring,0.25
sample_02824.jpg,SRC_134,0.37743395520390083,False,-30.0,180.0,69.607895,N-spring,0.5
sample_10384.jpg,SRC_027,0.37740995623603224,False,35.0,180.0,41.369436,N-spring,0.5
sample_00458.jpg,SRC_070,0.3772050550870173,False,60.0,180.0,58.788969,N-summer,0.5
sample_01369.jpg,SRC_030,0.3771662968319896,False,-25.0,180.0,67.936804,N-spring,0.5
sample_08244.jpg,SRC_042,0.37716395657025614,False,10.0,180.0,36.92431,N-spring,0.5
sample_09513.jpg,SRC_111,0.37712422179119076,False,-35.0,180.0,79.069883,N-spring,1.0
sample_01577.jpg,SRC_093,0.3767214478541155,False,-25.0,180.0,43.343655,N-autumn,0.5
sample_06662.jpg,SRC_040,0.3766508612945685,False,90.0,0.0,57.651744,N-spring,0.5
sample_07872.jpg,SRC_091,0.37647260611633543,False,-40.0,180.0,72.511342,N-summer,0.5
sample_01661.jpg,SRC_008,0.3763112774778052,False,25.0,180.0,61.005891,N-autumn,0.25
sample_03626.jpg,SRC_065,0.37630859845695713,False,30.0,180.0,68.700871,N-winter,0.5
sample_04484.jpg,SRC_121,0.3760086543770545,False,25.0,180.0,67.446292,N-autumn,0.5
sample_01806.jpg,SRC_100,0.3759894021308996,False,20.0,180.0,41.506528,N-spring,0.25
sample_05523.jpg,SRC_041,0.3758106203688408,False,15.0,180.0,46.712049,N-summer,0.25
sample_01148.jpg,SRC_102,0.37566319244739677,False,-10.0,180.0,52.255853,N-spring,0.25
sample_00316.jpg,SRC_125,0.37543332141282804,False,-5.0,180.0,52.428603,N-spring,0.25
sample_02725.jpg,SRC_006,0.3749587456944822,False,-15.0,180.0,65.638079,N-spring,0.5
sample_04182.jpg,SRC_095,0.37486332277627854,False,-20.0,180.0,56.495654,N-spring,0.5
sample_00305.jpg,SRC_151,0.37465327345442434,False,-15.0,180.0,63.408071,N-summer,0.5
sample_10345.jpg,SRC_013,0.3746179709896177,False,50.0,180.0,54.051464,N-spring,0.5
sample_03124.jpg,SRC_108,0.37456357780276295,False,-40.0,180.0,68.856247,N-summer,0.5
sample_02603.jpg,SRC_009,0.3744873024172925,False,-25.0,180.0,73.827745,N-spring,0.5
sample_08123.jpg,SRC_009,0.3743966303064967,False,-25.0,180.0,73.827745,N-spring,0.5
sample_06642.jpg,SRC_048,0.37434900995587467,False,-25.0,180.0,61.920556,N-autumn,0.25
sample_09325.jpg,SRC_014,0.3742461348909951,False,-40.0,180.0,38.480327,N-winter,0.25
sample_02948.jpg,SRC_013,0.3742421436069137,False,50.0,180.0,54.051464,N-spring,0.5
sample_05938.jpg,SRC_126,0.3741200464357975,False,-20.0,180.0,68.779144,N-summer,0.5
sample_07431.jpg,SRC_114,0.37410275950765415,False,-10.0,180.0,58.176498,N-autumn,0.5
sample_09337.jpg,SRC_124,0.3740880222309436,False,0.0,180.0,51.928413,N-summer,0.25
sample_09779.jpg,SRC_070,0.373937705560297,False,60.0,180.0,58.788969,N-summer,0.5
sample_00928.jpg,SRC_139,0.37380237707853914,False,40.0,180.0,53.533251,N-winter,0.25
sample_07643.jpg,SRC_037,0.37336552543048085,False,15.0,180.0,44.468297,N-spring,0.25
sample_05008.jpg,SRC_005,0.3733505133182777,False,0.0,180.0,55.846781,N-summer,0.5
sample_08991.jpg,SRC_160,0.373295065522601,False,-10.0,180.0,50.604377,N-autumn,0.25
sample_09250.jpg,SRC_108,0.3732198961361165,False,-40.0,180.0,68.856247,N-summer,0.5
sample_10387.jpg,SRC_041,0.3730348882932884,False,15.0,180.0,46.712049,N-summer,0.25
sample_04101.jpg,SRC_096,0.3729415626859298,False,25.0,180.0,40.422288,N-spring,0.25
sample_03371.jpg,SRC_148,0.37288241848786874,False,-15.0,180.0,49.227137,N-autumn,0.25
sample_09220.jpg,SRC_082,0.3727562677985236,False,-10.0,180.0,60.444036,N-spring,0.25
sample_05136.jpg,SRC_148,0.3727437720615075,False,-15.0,180.0,49.227137,N-autumn,0.25
sample_05187.jpg,SRC_015,0.37254279443890165,False,20.0,180.0,46.484204,N-summer,0.25
sample_08381.jpg,SRC_021,0.37244316496679025,False,-90.0,0.0,68.040851,N-autumn,0.5
sample_00677.jpg,SRC_109,0.37239819238311656,False,50.0,180.0,54.137665,N-summer,0.25
sample_03740.jpg,SRC_082,0.37234286551797013,False,-10.0,180.0,60.444036,N-spring,0.25
sample_03255.jpg,SRC_098,0.3722497559209522,False,-45.0,180.0,70.730178,N-summer,0.25
sample_09802.jpg,SRC_061,0.3721382811904921,False,50.0,180.0,43.110277,N-spring,0.5
sample_03818.jpg,SRC_011,0.37213793141839047,False,-20.0,180.0,70.371153,N-summer,0.25
sample_04845.jpg,SRC_093,0.37210702433539383,False,-25.0,180.0,43.343655,N-autumn,0.5
sample_04690.jpg,SRC_111,0.3716921585585728,False,-35.0,180.0,79.069883,N-spring,1.0
sample_00953.jpg,SRC_051,0.37139141617662147,False,20.0,180.0,63.609319,N-autumn,0.5
sample_00032.jpg,SRC_051,0.371355862585648,False,20.0,180.0,63.609319,N-autumn,0.5
sample_00736.jpg,SRC_068,0.37133089702557354,False,0.0,180.0,56.216196,N-summer,0.25
sample_10292.jpg,SRC_134,0.37132236877199715,False,-30.0,180.0,69.607895,N-spring,0.5
sample_03786.jpg,SRC_121,0.37117751885117856,False,25.0,180.0,67.446292,N-autumn,0.5
sample_03330.jpg,SRC_096,0.3711514513943303,False,25.0,180.0,40.422288,N-spring,0.25
sample_02168.jpg,SRC_067,0.3708223394686676,False,-15.0,180.0,64.724247,N-spring,0.5
sample_05810.jpg,SRC_013,0.3706846546476767,False,50.0,180.0,54.051464,N-spring,0.5
sample_00097.jpg,SRC_114,0.3706738096232274,False,-10.0,180.0,58.176498,N-autumn,0.5
sample_04329.jpg,SRC_009,0.37050878424405176,False,-25.0,180.0,73.827745,N-spring,0.5
sample_02702.jpg,SRC_043,0.3703984888416098,False,10.0,180.0,50.433279,N-summer,0.5
sample_00796.jpg,SRC_042,0.37038209458571175,False,10.0,180.0,36.92431,N-spring,0.5
sample_06518.jpg,SRC_018,0.37037310591721,False,-90.0,0.0,67.882485,N-winter,0.25
sample_09089.jpg,SRC_111,0.3703641383936692,False,-35.0,180.0,79.069883,N-spring,1.0
sample_08315.jpg,SRC_145,0.3702153123787006,False,-5.0,180.0,52.15166,N-spring,0.25
sample_10181.jpg,SRC_030,0.36994777332023965,False,-25.0,180.0,67.936804,N-spring,0.5
sample_02123.jpg,SRC_021,0.3696089664266967,False,-90.0,0.0,68.040851,N-autumn,0.5
sample_00519.jpg,SRC_121,0.3695067532378286,False,25.0,180.0,67.446292,N-autumn,0.5
sample_05763.jpg,SRC_040,0.3690711223583004,False,90.0,0.0,57.651744,N-spring,0.5
sample_04100.jpg,SRC_028,0.36902081658174835,False,10.0,180.0,42.894848,N-spring,0.25
sample_06787.jpg,SRC_061,0.3690115076907508,False,50.0,180.0,43.110277,N-spring,0.5
sample_04327.jpg,SRC_004,0.36884678203342997,False,30.0,180.0,61.107468,N-autumn,0.5
sample_06933.jpg,SRC_099,0.3685640417067812,False,15.0,180.0,42.024472,N-spring,0.5
sample_03486.jpg,SRC_027,0.368552121503344,False,35.0,180.0,41.369436,N-spring,0.5
sample_05428.jpg,SRC_063,0.36845621003410767,False,25.0,180.0,41.329237,N-spring,0.25
sample_06419.jpg,SRC_041,0.36844140952021026,False,15.0,180.0,46.712049,N-summer,0.25
sample_03466.jpg,SRC_134,0.36825399008109555,False,-30.0,180.0,69.607895,N-spring,0.5
sample_07038.jpg,SRC_080,0.36784915243841054,False,-25.0,180.0,69.726065,N-summer,0.25
sample_08595.jpg,SRC_057,0.36782511780613086,False,-5.0,180.0,57.599617,N-summer,0.25
sample_09429.jpg,SRC_063,0.3676766887156601,False,25.0,180.0,41.329237,N-spring,0.25
sample_08031.jpg,SRC_099,0.36756308816362615,False,15.0,180.0,42.024472,N-spring,0.5
sample_05419.jpg,SRC_069,0.36745366510499705,False,25.0,180.0,48.120522,N-summer,0.5
sample_00971.jpg,SRC_100,0.36740573150422373,False,20.0,180.0,41.506528,N-spring,0.25
sample_02013.jpg,SRC_098,0.36732461260577504,False,-45.0,180.0,70.730178,N-summer,0.25
sample_01209.jpg,SRC_161,0.3672895760631202,False,5.0,180.0,52.294471,N-summer,0.25
sample_04122.jpg,SRC_020,0.367274669257411,False,35.0,180.0,42.075965,N-summer,0.25
sample_00440.jpg,SRC_171,0.36722931079835525,False,-35.0,180.0,63.65778,N-spring,0.25
sample_03964.jpg,SRC_009,0.3669813833005527,False,-25.0,180.0,73.827745,N-spring,0.5
sample_06513.jpg,SRC_171,0.3669748018476905,False,-35.0,180.0,63.65778,N-spring,0.25
sample_04614.jpg,SRC_030,0.36693791509483814,False,-25.0,180.0,67.936804,N-spring,0.5
sample_08082.jpg,SRC_091,0.3669282068320378,False,-40.0,180.0,72.511342,N-summer,0.5
sample_08129.jpg,SRC_014,0.3668463166303939,False,-40.0,180.0,38.480327,N-winter,0.25
sample_00322.jpg,SRC_006,0.36676461893316736,False,-15.0,180.0,65.638079,N-spring,0.5
sample_01251.jpg,SRC_009,0.366621396973949,False,-25.0,180.0,73.827745,N-spring,0.5
sample_03778.jpg,SRC_050,0.3662420962773279,False,0.0,180.0,53.680047,N-summer,0.25
sample_09425.jpg,SRC_114,0.36620853616082905,False,-10.0,180.0,58.176498,N-autumn,0.5
sample_01181.jpg,SRC_171,0.3662028013202531,False,-35.0,180.0,63.65778,N-spring,0.25
sample_01200.jpg,SRC_124,0.3661381686804963,False,0.0,180.0,51.928413,N-summer,0.25
sample_00260.jpg,SRC_170,0.3661087976574832,False,-20.0,180.0,56.332579,N-autumn,0.25
sample_06259.jpg,SRC_059,0.36607318952750156,False,15.0,180.0,48.046698,N-summer,0.25
sample_01119.jpg,SRC_112,0.3660147771328366,False,-30.0,180.0,67.516648,N-spring,0.5
sample_04129.jpg,SRC_113,0.365757358714873,False,-35.0,180.0,36.668707,N-winter,0.25
sample_09451.jpg,SRC_158,0.3657427038498056,False,-5.0,180.0,35.954137,N-winter,0.25
sample_00347.jpg,SRC_005,0.36559701306793485,False,0.0,180.0,55.846781,N-summer,0.5
sample_01027.jpg,SRC_015,0.3655964116922551,False,20.0,180.0,46.484204,N-summer,0.25
sample_05983.jpg,SRC_074,0.36550530106713025,False,0.0,180.0,50.25459,N-spring,0.5
sample_08563.jpg,SRC_063,0.36549638861891376,False,25.0,180.0,41.329237,N-spring,0.25
sample_08154.jpg,SRC_107,0.3654176341563822,False,20.0,180.0,65.68027,N-autumn,0.5
sample_06241.jpg,SRC_095,0.36538399508028696,False,-20.0,180.0,56.495654,N-spring,0.5
sample_10386.jpg,SRC_075,0.365089515542444,False,-90.0,0.0,65.329336,N-winter,0.25
sample_00734.jpg,SRC_006,0.3650744559178985,False,-15.0,180.0,65.638079,N-spring,0.5
sample_03886.jpg,SRC_088,0.36505258445160543,False,0.0,180.0,53.004483,N-summer,0.25
sample_05796.jpg,SRC_103,0.3650249640158566,False,-35.0,180.0,57.090396,N-autumn,0.25
sample_08351.jpg,SRC_063,0.36496051645395383,False,25.0,180.0,41.329237,N-spring,0.25
sample_08397.jpg,SRC_095,0.364950638031383,False,-20.0,180.0,56.495654,N-spring,0.5
sample_02520.jpg,SRC_013,0.3649460969111229,False,50.0,180.0,54.051464,N-spring,0.5
sample_08380.jpg,SRC_021,0.3648484877369587,False,-90.0,0.0,68.040851,N-autumn,0.5
sample_09387.jpg,SRC_030,0.3648448831660784,False,-25.0,180.0,67.936804,N-spring,0.5
sample_03128.jpg,SRC_103,0.36476525026179085,False,-35.0,180.0,57.090396,N-autumn,0.25
sample_06183.jpg,SRC_051,0.364600692720676,False,20.0,180.0,63.609319,N-autumn,0.5
sample_02393.jpg,SRC_150,0.3645197546338153,False,10.0,180.0,50.798821,N-summer,0.5
sample_08819.jpg,SRC_109,0.36449362502444776,False,50.0,180.0,54.137665,N-summer,0.25
sample_03033.jpg,SRC_144,0.3644689584456788,False,-35.0,180.0,76.731052,N-spring,0.5
sample_06413.jpg,SRC_137,0.3642528573239741,False,-5.0,180.0,45.053172,N-spring,0.25
sample_05350.jpg,SRC_024,0.3642243950231105,False,10.0,180.0,53.725813,N-summer,0.25
sample_00331.jpg,SRC_127,0.3642121983387412,False,-35.0,180.0,47.507974,N-autumn,0.5
sample_04899.jpg,SRC_057,0.36413847360192864,False,-5.0,180.0,57.599617,N-summer,0.25
sample_04487.jpg,SRC_080,0.3638838603877039,False,-25.0,180.0,69.726065,N-summer,0.25
sample_00081.jpg,SRC_018,0.3638819002917725,False,-90.0,0.0,67.882485,N-winter,0.25
sample_06912.jpg,SRC_171,0.3638224001398256,False,-35.0,180.0,63.65778,N-spring,0.25
sample_05199.jpg,SRC_058,0.36377423491530037,False,30.0,180.0,69.060883,N-autumn,0.5
sample_06445.jpg,SRC_027,0.3636841626949011,False,35.0,180.0,41.369436,N-spring,0.5
sample_05964.jpg,SRC_045,0.3636541332286948,False,-90.0,0.0,70.559818,N-autumn,0.25
sample_10094.jpg,SRC_051,0.36350396919902533,False,20.0,180.0,63.609319,N-autumn,0.5
sample_01196.jpg,SRC_124,0.3634638892761029,False,0.0,180.0,51.928413,N-summer,0.25
sample_02755.jpg,SRC_030,0.3634444696852336,False,-25.0,180.0,67.936804,N-spring,0.5
sample_08088.jpg,SRC_027,0.36337818474052447,False,35.0,180.0,41.369436,N-spring,0.5
sample_09686.jpg,SRC_013,0.36328041520460624,False,50.0,180.0,54.051464,N-spring,0.5
sample_02115.jpg,SRC_158,0.3632650450294366,False,-5.0,180.0,35.954137,N-winter,0.25
sample_09355.jpg,SRC_103,0.36324686236311216,False,-35.0,180.0,57.090396,N-autumn,0.25
sample_07729.jpg,SRC_037,0.3632313803468137,False,15.0,180.0,44.468297,N-spring,0.25
sample_06829.jpg,SRC_093,0.3631852017322682,False,-25.0,180.0,43.343655,N-autumn,0.5
sample_10291.jpg,SRC_041,0.3631442157470048,False,15.0,180.0,46.712049,N-summer,0.25
sample_01184.jpg,SRC_126,0.3630847319476201,False,-20.0,180.0,68.779144,N-summer,0.5
sample_05023.jpg,SRC_151,0.3629314099649817,False,-15.0,180.0,63.408071,N-summer,0.5
sample_08614.jpg,SRC_020,0.36283200207799676,False,35.0,180.0,42.075965,N-summer,0.25
sample_03661.jpg,SRC_041,0.3628293380357172,False,15.0,180.0,46.712049,N-summer,0.25
sample_02304.jpg,SRC_056,0.36274734303517103,False,-40.0,180.0,74.660587,N-summer,0.5
sample_02272.jpg,SRC_063,0.362407013964104,False,25.0,180.0,41.329237,N-spring,0.25
sample_02555.jpg,SRC_168,0.36237301153638707,False,90.0,0.0,64.709631,N-summer,0.25
sample_08832.jpg,SRC_076,0.3622064580964373,False,25.0,180.0,63.632584,N-autumn,0.25
sample_10096.jpg,SRC_013,0.3622036661223055,False,50.0,180.0,54.051464,N-spring,0.5
sample_09910.jpg,SRC_158,0.3621460278372012,False,-5.0,180.0,35.954137,N-winter,0.25
sample_01787.jpg,SRC_144,0.36214241102599876,False,-35.0,180.0,76.731052,N-spring,0.5
sample_10397.jpg,SRC_171,0.3620395081854504,False,-35.0,180.0,63.65778,N-spring,0.25
sample_03899.jpg,SRC_099,0.36199375088016195,False,15.0,180.0,42.024472,N-spring,0.5
sample_03534.jpg,SRC_093,0.3619848908413731,False,-25.0,180.0,43.343655,N-autumn,0.5
sample_08608.jpg,SRC_030,0.36177001042493995,False,-25.0,180.0,67.936804,N-spring,0.5
sample_05407.jpg,SRC_091,0.36176965899197533,False,-40.0,180.0,72.511342,N-summer,0.5
sample_00959.jpg,SRC_109,0.36157528973337144,False,50.0,180.0,54.137665,N-summer,0.25
sample_02485.jpg,SRC_092,0.36121455470044705,False,5.0,180.0,57.429528,N-autumn,0.25
sample_06245.jpg,SRC_059,0.3611165219336647,False,15.0,180.0,48.046698,N-summer,0.25
sample_10314.jpg,SRC_103,0.3611107216979203,False,-35.0,180.0,57.090396,N-autumn,0.25
sample_04727.jpg,SRC_158,0.3610985444043066,False,-5.0,180.0,35.954137,N-winter,0.25
sample_04293.jpg,SRC_134,0.36109648831803837,False,-30.0,180.0,69.607895,N-spring,0.5
sample_06947.jpg,SRC_037,0.3607942879345414,False,15.0,180.0,44.468297,N-spring,0.25
sample_06736.jpg,SRC_150,0.36076187425958056,False,10.0,180.0,50.798821,N-summer,0.5
sample_05513.jpg,SRC_148,0.36072644543889937,False,-15.0,180.0,49.227137,N-autumn,0.25
sample_06099.jpg,SRC_014,0.36065457322329353,False,-40.0,180.0,38.480327,N-winter,0.25
sample_01531.jpg,SRC_028,0.36059247707837666,False,10.0,180.0,42.894848,N-spring,0.25
sample_01863.jpg,SRC_158,0.3605679027122003,False,-5.0,180.0,35.954137,N-winter,0.25
sample_03856.jpg,SRC_127,0.36054859427493363,False,-35.0,180.0,47.507974,N-autumn,0.5
sample_08317.jpg,SRC_125,0.3603732152055764,False,-5.0,180.0,52.428603,N-spring,0.25
sample_04903.jpg,SRC_134,0.36035291407414954,False,-30.0,180.0,69.607895,N-spring,0.5
sample_04031.jpg,SRC_118,0.3602565523392457,False,35.0,180.0,49.493581,N-summer,0.25
sample_04013.jpg,SRC_136,0.3601868648932497,False,-35.0,180.0,76.922409,N-spring,0.5
sample_07655.jpg,SRC_103,0.3601796610055781,False,-35.0,180.0,57.090396,N-autumn,0.25
sample_07502.jpg,SRC_037,0.3600158863372119,False,15.0,180.0,44.468297,N-spring,0.25
sample_01195.jpg,SRC_154,0.3600074962781027,False,0.0,180.0,54.770875,N-summer,0.5
sample_07548.jpg,SRC_169,0.3599866517720119,False,40.0,180.0,48.615664,N-summer,0.25
sample_08271.jpg,SRC_108,0.3599153864147358,False,-40.0,180.0,68.856247,N-summer,0.5
sample_04386.jpg,SRC_056,0.35984277780426316,False,-40.0,180.0,74.660587,N-summer,0.5
sample_03870.jpg,SRC_041,0.3598216560723956,False,15.0,180.0,46.712049,N-summer,0.25
sample_00488.jpg,SRC_087,0.3597947367011269,False,0.0,180.0,54.65824,N-summer,0.25
sample_04837.jpg,SRC_171,0.35979114676208823,False,-35.0,180.0,63.65778,N-spring,0.25
sample_01433.jpg,SRC_006,0.35964487010382556,False,-15.0,180.0,65.638079,N-spring,0.5
sample_00961.jpg,SRC_121,0.3596054402677255,False,25.0,180.0,67.446292,N-autumn,0.5
sample_03016.jpg,SRC_118,0.35955732678564334,False,35.0,180.0,49.493581,N-summer,0.25
sample_00336.jpg,SRC_004,0.3595037819652876,False,30.0,180.0,61.107468,N-autumn,0.5
sample_09511.jpg,SRC_063,0.35948775467412614,False,25.0,180.0,41.329237,N-spring,0.25
sample_01865.jpg,SRC_011,0.3594450617285588,False,-20.0,180.0,70.371153,N-summer,0.25
sample_09157.jpg,SRC_013,0.3594312433804967,False,50.0,180.0,54.051464,N-spring,0.5
sample_10361.jpg,SRC_087,0.359355384336162,False,0.0,180.0,54.65824,N-summer,0.25
sample_09001.jpg,SRC_095,0.3593520299662445,False,-20.0,180.0,56.495654,N-spring,0.5
sample_10295.jpg,SRC_014,0.3593422555072496,False,-40.0,180.0,38.480327,N-winter,0.25
sample_03617.jpg,SRC_099,0.35929629527902757,False,15.0,180.0,42.024472,N-spring,0.5
sample_04716.jpg,SRC_015,0.3592319678541706,False,20.0,180.0,46.484204,N-summer,0.25
sample_08934.jpg,SRC_035,0.3590843067509745,False,0.0,180.0,56.990187,N-autumn,0.25
sample_08561.jpg,SRC_014,0.3590801269475147,False,-40.0,180.0,38.480327,N-winter,0.25
sample_02523.jpg,SRC_003,0.35901458003611114,False,0.0,180.0,38.090051,N-spring,0.25
sample_08954.jpg,SRC_156,0.35900884161367436,False,10.0,180.0,48.737382,N-summer,0.25
sample_05260.jpg,SRC_109,0.35899092495086626,False,50.0,180.0,54.137665,N-summer,0.25
sample_03704.jpg,SRC_127,0.35891469069231335,False,-35.0,180.0,47.507974,N-autumn,0.5
sample_06885.jpg,SRC_009,0.35879457071284093,False,-25.0,180.0,73.827745,N-spring,0.5
sample_04246.jpg,SRC_150,0.358780887160445,False,10.0,180.0,50.798821,N-summer,0.5
sample_02931.jpg,SRC_021,0.3587627164095912,False,-90.0,0.0,68.040851,N-autumn,0.5
sample_03915.jpg,SRC_004,0.35868394853860963,False,30.0,180.0,61.107468,N-autumn,0.5
sample_09810.jpg,SRC_058,0.3586679151825681,False,30.0,180.0,69.060883,N-autumn,0.5
sample_03541.jpg,SRC_005,0.3586283354588794,False,0.0,180.0,55.846781,N-summer,0.5
sample_08937.jpg,SRC_057,0.3586076870356375,False,-5.0,180.0,57.599617,N-summer,0.25
sample_08055.jpg,SRC_004,0.3586006836433102,False,30.0,180.0,61.107468,N-autumn,0.5
sample_02233.jpg,SRC_170,0.3585456137388928,False,-20.0,180.0,56.332579,N-autumn,0.25
sample_08352.jpg,SRC_121,0.3585255783543712,False,25.0,180.0,67.446292,N-autumn,0.5
sample_03291.jpg,SRC_097,0.35848753757846047,False,0.0,180.0,35.318175,N-winter,0.25
sample_01114.jpg,SRC_013,0.35848665267426927,False,50.0,180.0,54.051464,N-spring,0.5
sample_08313.jpg,SRC_111,0.3584603143801485,False,-35.0,180.0,79.069883,N-spring,1.0
sample_01218.jpg,SRC_088,0.3584403605358755,False,0.0,180.0,53.004483,N-summer,0.25
sample_10412.jpg,SRC_139,0.3584355153948442,False,40.0,180.0,53.533251,N-winter,0.25
sample_09412.jpg,SRC_004,0.3584164582871539,False,30.0,180.0,61.107468,N-autumn,0.5
sample_01965.jpg,SRC_075,0.35825856283671,False,-90.0,0.0,65.329336,N-winter,0.25
sample_02975.jpg,SRC_016,0.35823650808502305,False,10.0,180.0,55.552023,N-winter,0.5
sample_01409.jpg,SRC_009,0.3581903345320459,False,-25.0,180.0,73.827745,N-spring,0.5
sample_03777.jpg,SRC_131,0.35787864126481744,False,10.0,180.0,60.540464,N-autumn,0.5
sample_02743.jpg,SRC_165,0.3578656811122053,False,10.0,180.0,42.451267,N-winter,0.25
sample_08985.jpg,SRC_080,0.35783828469723794,False,-25.0,180.0,69.726065,N-summer,0.25
sample_08373.jpg,SRC_076,0.35779578968721065,False,25.0,180.0,63.632584,N-autumn,0.25
sample_07813.jpg,SRC_134,0.35770358995732127,False,-30.0,180.0,69.607895,N-spring,0.5
sample_04266.jpg,SRC_150,0.35764062603365226,False,10.0,180.0,50.798821,N-summer,0.5
sample_09879.jpg,SRC_004,0.3575565321642322,False,30.0,180.0,61.107468,N-autumn,0.5
sample_02129.jpg,SRC_088,0.3574486686279723,False,0.0,180.0,53.004483,N-summer,0.25
sample_10019.jpg,SRC_127,0.3574362974721413,False,-35.0,180.0,47.507974,N-autumn,0.5
sample_02019.jpg,SRC_141,0.35742131684188794,False,-10.0,180.0,55.206291,N-spring,0.25
sample_01351.jpg,SRC_151,0.35740531144066856,False,-15.0,180.0,63.408071,N-summer,0.5
sample_00136.jpg,SRC_014,0.3573357076900403,False,-40.0,180.0,38.480327,N-winter,0.25
sample_04869.jpg,SRC_088,0.3573262907472129,False,0.0,180.0,53.004483,N-summer,0.25
sample_07760.jpg,SRC_020,0.3572190621458173,False,35.0,180.0,42.075965,N-summer,0.25
sample_10249.jpg,SRC_134,0.35701901560354155,False,-30.0,180.0,69.607895,N-spring,0.5
sample_07307.jpg,SRC_023,0.3569580543451924,False,-10.0,180.0,50.837437,N-spring,0.25
sample_09616.jpg,SRC_076,0.35669417478280746,False,25.0,180.0,63.632584,N-autumn,0.25
sample_02886.jpg,SRC_027,0.3565603828822758,False,35.0,180.0,41.369436,N-spring,0.5
sample_06480.jpg,SRC_080,0.35654209149227273,False,-25.0,180.0,69.726065,N-summer,0.25
sample_10100.jpg,SRC_127,0.35606274781421743,False,-35.0,180.0,47.507974,N-autumn,0.5
sample_02484.jpg,SRC_109,0.35604478632440145,False,50.0,180.0,54.137665,N-summer,0.25
sample_00501.jpg,SRC_127,0.3557394184405279,False,-35.0,180.0,47.507974,N-autumn,0.5
sample_01834.jpg,SRC_136,0.35569608352041204,False,-35.0,180.0,76.922409,N-spring,0.5
sample_03685.jpg,SRC_157,0.3556768954477756,False,40.0,180.0,44.22455,N-summer,0.25
sample_08488.jpg,SRC_116,0.3556720387188225,False,5.0,180.0,41.203028,N-spring,0.25
sample_02288.jpg,SRC_074,0.3556208804492249,False,0.0,180.0,50.25459,N-spring,0.5
sample_05957.jpg,SRC_103,0.35560929667131136,False,-35.0,180.0,57.090396,N-autumn,0.25
sample_00484.jpg,SRC_158,0.3555323143736909,False,-5.0,180.0,35.954137,N-winter,0.25
sample_07406.jpg,SRC_034,0.35547714796713403,False,40.0,180.0,46.055099,N-summer,0.25
sample_01689.jpg,SRC_076,0.35541997503147343,False,25.0,180.0,63.632584,N-autumn,0.25
sample_05921.jpg,SRC_061,0.35528873435215375,False,50.0,180.0,43.110277,N-spring,0.5
sample_09376.jpg,SRC_141,0.35506306239430113,False,-10.0,180.0,55.206291,N-spring,0.25
sample_04792.jpg,SRC_009,0.35504046538799383,False,-25.0,180.0,73.827745,N-spring,0.5
sample_05858.jpg,SRC_041,0.3550279051392917,False,15.0,180.0,46.712049,N-summer,0.25
sample_01348.jpg,SRC_076,0.35490363447111634,False,25.0,180.0,63.632584,N-autumn,0.25
sample_06045.jpg,SRC_057,0.3548868316504683,False,-5.0,180.0,57.599617,N-summer,0.25
sample_07685.jpg,SRC_004,0.3548665135090532,False,30.0,180.0,61.107468,N-autumn,0.5
sample_05093.jpg,SRC_141,0.35477792934998187,False,-10.0,180.0,55.206291,N-spring,0.25
sample_09986.jpg,SRC_157,0.3546144925002634,False,40.0,180.0,44.22455,N-summer,0.25
sample_08979.jpg,SRC_103,0.35436817343596466,False,-35.0,180.0,57.090396,N-autumn,0.25
sample_03521.jpg,SRC_056,0.35412854624143675,False,-40.0,180.0,74.660587,N-summer,0.5
sample_05406.jpg,SRC_004,0.3541126185960071,False,30.0,180.0,61.107468,N-autumn,0.5
sample_07394.jpg,SRC_158,0.35372095985552277,False,-5.0,180.0,35.954137,N-winter,0.25
sample_01079.jpg,SRC_076,0.3536893504224611,False,25.0,180.0,63.632584,N-autumn,0.25
sample_06432.jpg,SRC_141,0.35362465504096335,False,-10.0,180.0,55.206291,N-spring,0.25
sample_02287.jpg,SRC_164,0.3532785863394928,False,20.0,180.0,59.226879,N-autumn,0.25
sample_09537.jpg,SRC_004,0.3532370336002144,False,30.0,180.0,61.107468,N-autumn,0.5
sample_02936.jpg,SRC_126,0.35308696664450445,False,-20.0,180.0,68.779144,N-summer,0.5
sample_07055.jpg,SRC_111,0.35287394162451796,False,-35.0,180.0,79.069883,N-spring,1.0
sample_07982.jpg,SRC_076,0.3525236028422058,False,25.0,180.0,63.632584,N-autumn,0.25
sample_06910.jpg,SRC_139,0.3521692681101866,False,40.0,180.0,53.533251,N-winter,0.25
sample_05901.jpg,SRC_150,0.35210109223575076,False,10.0,180.0,50.798821,N-summer,0.5
sample_03502.jpg,SRC_144,0.35166078378512766,False,-35.0,180.0,76.731052,N-spring,0.5
sample_09984.jpg,SRC_076,0.35132519013780467,False,25.0,180.0,63.632584,N-autumn,0.25
sample_09242.jpg,SRC_073,0.3511784850979366,False,45.0,180.0,41.537171,N-spring,0.25
sample_07601.jpg,SRC_080,0.3509424174292474,False,-25.0,180.0,69.726065,N-summer,0.25
sample_08599.jpg,SRC_140,0.3509386490289196,False,35.0,180.0,44.85556,N-spring,0.25
sample_00669.jpg,SRC_150,0.3508670295610755,False,10.0,180.0,50.798821,N-summer,0.5
sample_07654.jpg,SRC_086,0.3506773618849897,False,15.0,180.0,43.648742,N-summer,0.5
sample_01435.jpg,SRC_088,0.35024664367946134,False,0.0,180.0,53.004483,N-summer,0.25
sample_03266.jpg,SRC_076,0.34971180050581596,False,25.0,180.0,63.632584,N-autumn,0.25
sample_02345.jpg,SRC_103,0.34928924333583355,False,-35.0,180.0,57.090396,N-autumn,0.25
sample_02808.jpg,SRC_009,0.34861443710431667,False,-25.0,180.0,73.827745,N-spring,0.5
